<application>
  <component name="FileTypeManager" version="18">
    <extensionMap>
      <mapping ext="ng" type="HTML" />
      <mapping ext="blade" type="PLAIN_TEXT" />
      <mapping ext="log" type="PLAIN_TEXT" />
      <mapping pattern="tsconfig.e2e.json" type="tsconfig" />
      <mapping pattern="tsconfig.spec.json" type="tsconfig" />
      <mapping pattern="tsconfig.app.json" type="tsconfig" />
      <mapping pattern="tsconfig.lib.json" type="tsconfig" />
      <removed_mapping ext="php" approved="true" type="HTML" />
    </extensionMap>
  </component>
</application>