<keymap version="1" name="Windows copy" parent="$default">
  <action id="IlluminatedCloud.SaveAll">
    <keyboard-shortcut first-keystroke="ctrl s" />
  </action>
  <action id="PublishGroup.Upload">
    <keyboard-shortcut first-keystroke="alt x" />
  </action>
  <action id="PublishGroup.UploadTo">
    <keyboard-shortcut first-keystroke="shift alt x" />
  </action>
  <action id="RecentFiles">
    <keyboard-shortcut first-keystroke="ctrl e" />
    <keyboard-shortcut first-keystroke="alt comma" />
  </action>
  <action id="SaveAll" />
  <action id="context.clear" />
</keymap>