<application>
  <component name="MaterialThemeConfig">
    <option name="accentMode" value="true" />
    <option name="highlightColorEnabled" value="true" />
    <option name="isCompactMenus" value="true" />
    <option name="isCompactStatusBar" value="true" />
    <option name="isCompactTables" value="true" />
    <option name="isHighContrast" value="true" />
    <option name="isWizardShown" value="true" />
    <option name="pristineConfig" value="false" />
    <option name="useMaterialFont2" value="true" />
    <option name="accentColor" value="009688" />
    <option name="userId" value="368d526c:170516ce65c:-8000" />
    <option name="version" value="4.11.5" />
  </component>
</application>