<application>
  <component name="FileTypeManager" version="18">
    <extensionMap>
      <removed_mapping ext="app" type="Erlang/OTP app" />
      <mapping ext="ng" type="HTML" />
      <mapping ext="blade" type="PLAIN_TEXT" />
      <mapping ext="sqlite" type="PLAIN_TEXT" />
      <mapping pattern="tsconfig.app.json" type="tsconfig" />
      <mapping pattern="tsconfig.e2e.json" type="tsconfig" />
      <mapping pattern="tsconfig.spec.json" type="tsconfig" />
      <mapping pattern="tsconfig.lib.json" type="tsconfig" />
      <removed_mapping ext="bash" approved="true" type="Shell Script" />
      <removed_mapping ext="log" approved="true" type="PLAIN_TEXT" />
      <removed_mapping ext="permissionset" approved="true" type="XML" />
      <removed_mapping ext="php" approved="true" type="HTML" />
      <removed_mapping ext="profile" approved="true" type="XML" />
      <removed_mapping ext="sh" approved="true" type="Shell Script" />
      <removed_mapping ext="zsh" approved="true" type="Shell Script" />
      <removed_mapping pattern="Dockerfile" approved="true" type="AUTO_DETECTED" />
    </extensionMap>
  </component>
</application>