<application>
  <component name="PhpInterpreters">
    <interpreters>
      <interpreter id="82de0a61-6569-47f8-8db5-4af1344ce5c5" name="PHP 7.4" home="D:\laragon\bin\php\php-7.4.10-nts-Win32-vc15-x64\php.exe" debugger_id="php.debugger.XDebug" />
    </interpreters>
  </component>
  <component name="PhpInterpretersPhpInfoCache">
    <phpInfoCache>
      <interpreter name="PHP 7.4">
        <phpinfo binary_type="PHP" php_cgi="D:\laragon\bin\php\php-7.4.10-nts-Win32-vc15-x64\php-cgi.exe" php_cli="D:\laragon\bin\php\php-7.4.10-nts-Win32-vc15-x64\php.exe" path_separator=";" version="7.4.10">
          <additional_php_ini />
          <configuration_file>D:\laragon\bin\php\php-7.4.10-nts-Win32-vc15-x64\php.ini</configuration_file>
          <configuration_options>
            <configuration_option name="include_path" value=".;D:\laragon\Tool\pear;D:/laragon/etc/php/pear" />
          </configuration_options>
          <debuggers />
          <loaded_extensions>
            <extension name="Core" />
            <extension name="PDO" />
            <extension name="Phar" />
            <extension name="Reflection" />
            <extension name="SPL" />
            <extension name="SimpleXML" />
            <extension name="bcmath" />
            <extension name="calendar" />
            <extension name="ctype" />
            <extension name="curl" />
            <extension name="date" />
            <extension name="dom" />
            <extension name="fileinfo" />
            <extension name="filter" />
            <extension name="ftp" />
            <extension name="gd" />
            <extension name="hash" />
            <extension name="iconv" />
            <extension name="intl" />
            <extension name="json" />
            <extension name="libxml" />
            <extension name="mbstring" />
            <extension name="mysqli" />
            <extension name="mysqlnd" />
            <extension name="openssl" />
            <extension name="pcre" />
            <extension name="pdo_mysql" />
            <extension name="pdo_sqlite" />
            <extension name="readline" />
            <extension name="redis" />
            <extension name="session" />
            <extension name="sqlite3" />
            <extension name="standard" />
            <extension name="tokenizer" />
            <extension name="xml" />
            <extension name="xmlreader" />
            <extension name="xmlwriter" />
            <extension name="xsl" />
            <extension name="zip" />
            <extension name="zlib" />
          </loaded_extensions>
        </phpinfo>
      </interpreter>
    </phpInfoCache>
  </component>
  <component name="PhpSmartKeysConfiguration">
    <option name="findUsagesOfBaseMethod" value="true" />
    <option name="promptFindUsagesOfBaseMethod" value="false" />
  </component>
</application>